CoursesController.java,edu.ucsb.cs156.organic.controllers.CoursesController,org.pitest.mutationtest.engine.gregor.mutators.returns.NullReturnValsMutator,addStaff,143,KILLED,edu.ucsb.cs156.organic.controllers.CoursesControllerTests.[engine:junit-jupiter]/[class:edu.ucsb.cs156.organic.controllers.CoursesControllerTests]/[method:an_admin_user_can_add_a_staff_member_to_a_course()]
CoursesController.java,edu.ucsb.cs156.organic.controllers.CoursesController,org.pitest.mutationtest.engine.gregor.mutators.NegateConditionalsMutator,allCourses,59,KILLED,edu.ucsb.cs156.organic.controllers.CoursesControllerTests.[engine:junit-jupiter]/[class:edu.ucsb.cs156.organic.controllers.CoursesControllerTests]/[method:admin_can_get_all_courses()]
CoursesController.java,edu.ucsb.cs156.organic.controllers.CoursesController,org.pitest.mutationtest.engine.gregor.mutators.returns.NullReturnValsMutator,allCourses,60,KILLED,edu.ucsb.cs156.organic.controllers.CoursesControllerTests.[engine:junit-jupiter]/[class:edu.ucsb.cs156.organic.controllers.CoursesControllerTests]/[method:admin_can_get_all_courses()]
CoursesController.java,edu.ucsb.cs156.organic.controllers.CoursesController,org.pitest.mutationtest.engine.gregor.mutators.returns.NullReturnValsMutator,allCourses,62,KILLED,edu.ucsb.cs156.organic.controllers.CoursesControllerTests.[engine:junit-jupiter]/[class:edu.ucsb.cs156.organic.controllers.CoursesControllerTests]/[method:user_can_get_only_courses_for_which_they_are_staff()]
CoursesController.java,edu.ucsb.cs156.organic.controllers.CoursesController,org.pitest.mutationtest.engine.gregor.mutators.NegateConditionalsMutator,deleteCourse,228,KILLED,edu.ucsb.cs156.organic.controllers.CoursesControllerTests.[engine:junit-jupiter]/[class:edu.ucsb.cs156.organic.controllers.CoursesControllerTests]/[method:an_admin_user_can_delete_a_course()]
CoursesController.java,edu.ucsb.cs156.organic.controllers.CoursesController,org.pitest.mutationtest.engine.gregor.mutators.VoidMethodCallMutator,deleteCourse,234,KILLED,edu.ucsb.cs156.organic.controllers.CoursesControllerTests.[engine:junit-jupiter]/[class:edu.ucsb.cs156.organic.controllers.CoursesControllerTests]/[method:an_admin_user_can_delete_a_course()]
CoursesController.java,edu.ucsb.cs156.organic.controllers.CoursesController,org.pitest.mutationtest.engine.gregor.mutators.returns.NullReturnValsMutator,deleteCourse,235,KILLED,edu.ucsb.cs156.organic.controllers.CoursesControllerTests.[engine:junit-jupiter]/[class:edu.ucsb.cs156.organic.controllers.CoursesControllerTests]/[method:an_admin_user_can_delete_a_course()]
CoursesController.java,edu.ucsb.cs156.organic.controllers.CoursesController,org.pitest.mutationtest.engine.gregor.mutators.VoidMethodCallMutator,deleteStaff,168,KILLED,edu.ucsb.cs156.organic.controllers.CoursesControllerTests.[engine:junit-jupiter]/[class:edu.ucsb.cs156.organic.controllers.CoursesControllerTests]/[method:admin_can_delete_a_staff()]
CoursesController.java,edu.ucsb.cs156.organic.controllers.CoursesController,org.pitest.mutationtest.engine.gregor.mutators.returns.NullReturnValsMutator,deleteStaff,169,KILLED,edu.ucsb.cs156.organic.controllers.CoursesControllerTests.[engine:junit-jupiter]/[class:edu.ucsb.cs156.organic.controllers.CoursesControllerTests]/[method:admin_can_delete_a_staff()]
CoursesController.java,edu.ucsb.cs156.organic.controllers.CoursesController,org.pitest.mutationtest.engine.gregor.mutators.NegateConditionalsMutator,getById,76,KILLED,edu.ucsb.cs156.organic.controllers.CoursesControllerTests.[engine:junit-jupiter]/[class:edu.ucsb.cs156.organic.controllers.CoursesControllerTests]/[method:test_that_admin_can_get_by_id_when_the_id_exists()]
CoursesController.java,edu.ucsb.cs156.organic.controllers.CoursesController,org.pitest.mutationtest.engine.gregor.mutators.returns.NullReturnValsMutator,getById,82,KILLED,edu.ucsb.cs156.organic.controllers.CoursesControllerTests.[engine:junit-jupiter]/[class:edu.ucsb.cs156.organic.controllers.CoursesControllerTests]/[method:test_that_admin_can_get_by_id_when_the_id_exists()]
CoursesController.java,edu.ucsb.cs156.organic.controllers.CoursesController,org.pitest.mutationtest.engine.gregor.mutators.returns.NullReturnValsMutator,getStaff,157,KILLED,edu.ucsb.cs156.organic.controllers.CoursesControllerTests.[engine:junit-jupiter]/[class:edu.ucsb.cs156.organic.controllers.CoursesControllerTests]/[method:an_admin_user_can_get_staff_for_a_course()]
CoursesController.java,edu.ucsb.cs156.organic.controllers.CoursesController,org.pitest.mutationtest.engine.gregor.mutators.returns.NullReturnValsMutator,lambda$addStaff$2,129,KILLED,edu.ucsb.cs156.organic.controllers.CoursesControllerTests.[engine:junit-jupiter]/[class:edu.ucsb.cs156.organic.controllers.CoursesControllerTests]/[method:an_admin_user_cannot_add_staff_to_a_non_existing_course()]
CoursesController.java,edu.ucsb.cs156.organic.controllers.CoursesController,org.pitest.mutationtest.engine.gregor.mutators.returns.NullReturnValsMutator,lambda$addStaff$3,132,KILLED,edu.ucsb.cs156.organic.controllers.CoursesControllerTests.[engine:junit-jupiter]/[class:edu.ucsb.cs156.organic.controllers.CoursesControllerTests]/[method:an_admin_user_cannot_add_non_existing_user_to_staff_of_an_existing_course()]
CoursesController.java,edu.ucsb.cs156.organic.controllers.CoursesController,org.pitest.mutationtest.engine.gregor.mutators.returns.NullReturnValsMutator,lambda$deleteCourse$8,222,KILLED,edu.ucsb.cs156.organic.controllers.CoursesControllerTests.[engine:junit-jupiter]/[class:edu.ucsb.cs156.organic.controllers.CoursesControllerTests]/[method:an_admin_user_cannot_delete_non_existing_course()]
CoursesController.java,edu.ucsb.cs156.organic.controllers.CoursesController,org.pitest.mutationtest.engine.gregor.mutators.returns.NullReturnValsMutator,lambda$deleteCourse$9,230,KILLED,edu.ucsb.cs156.organic.controllers.CoursesControllerTests.[engine:junit-jupiter]/[class:edu.ucsb.cs156.organic.controllers.CoursesControllerTests]/[method:an_instructor_user_cannot_delete_a_course_if_they_are_not_staff()]
CoursesController.java,edu.ucsb.cs156.organic.controllers.CoursesController,org.pitest.mutationtest.engine.gregor.mutators.returns.NullReturnValsMutator,lambda$deleteStaff$5,166,KILLED,edu.ucsb.cs156.organic.controllers.CoursesControllerTests.[engine:junit-jupiter]/[class:edu.ucsb.cs156.organic.controllers.CoursesControllerTests]/[method:admin_tries_to_delete_non_existant_course_staff_and_gets_right_error_message()]
CoursesController.java,edu.ucsb.cs156.organic.controllers.CoursesController,org.pitest.mutationtest.engine.gregor.mutators.returns.NullReturnValsMutator,lambda$getById$0,74,KILLED,edu.ucsb.cs156.organic.controllers.CoursesControllerTests.[engine:junit-jupiter]/[class:edu.ucsb.cs156.organic.controllers.CoursesControllerTests]/[method:test_that_admin_cannot_get_by_id_when_the_id_does_not_exist()]
CoursesController.java,edu.ucsb.cs156.organic.controllers.CoursesController,org.pitest.mutationtest.engine.gregor.mutators.returns.NullReturnValsMutator,lambda$getById$1,78,KILLED,edu.ucsb.cs156.organic.controllers.CoursesControllerTests.[engine:junit-jupiter]/[class:edu.ucsb.cs156.organic.controllers.CoursesControllerTests]/[method:test_that_non_admin_non_instructor_cannot_get_an_existing_course()]
CoursesController.java,edu.ucsb.cs156.organic.controllers.CoursesController,org.pitest.mutationtest.engine.gregor.mutators.returns.NullReturnValsMutator,lambda$getStaff$4,154,KILLED,edu.ucsb.cs156.organic.controllers.CoursesControllerTests.[engine:junit-jupiter]/[class:edu.ucsb.cs156.organic.controllers.CoursesControllerTests]/[method:an_admin_user_cannot_get_staff_for_a_non_existing_course()]
CoursesController.java,edu.ucsb.cs156.organic.controllers.CoursesController,org.pitest.mutationtest.engine.gregor.mutators.returns.NullReturnValsMutator,lambda$updateCourse$6,188,KILLED,edu.ucsb.cs156.organic.controllers.CoursesControllerTests.[engine:junit-jupiter]/[class:edu.ucsb.cs156.organic.controllers.CoursesControllerTests]/[method:an_admin_user_cannot_update_non_existing_course()]
CoursesController.java,edu.ucsb.cs156.organic.controllers.CoursesController,org.pitest.mutationtest.engine.gregor.mutators.returns.NullReturnValsMutator,lambda$updateCourse$7,196,KILLED,edu.ucsb.cs156.organic.controllers.CoursesControllerTests.[engine:junit-jupiter]/[class:edu.ucsb.cs156.organic.controllers.CoursesControllerTests]/[method:an_instructor_user_cannot_update_a_course_if_they_are_not_staff()]
CoursesController.java,edu.ucsb.cs156.organic.controllers.CoursesController,org.pitest.mutationtest.engine.gregor.mutators.returns.NullReturnValsMutator,postCourse,117,KILLED,edu.ucsb.cs156.organic.controllers.CoursesControllerTests.[engine:junit-jupiter]/[class:edu.ucsb.cs156.organic.controllers.CoursesControllerTests]/[method:an_admin_user_can_post_a_new_course()]
CoursesController.java,edu.ucsb.cs156.organic.controllers.CoursesController,org.pitest.mutationtest.engine.gregor.mutators.NegateConditionalsMutator,updateCourse,194,KILLED,edu.ucsb.cs156.organic.controllers.CoursesControllerTests.[engine:junit-jupiter]/[class:edu.ucsb.cs156.organic.controllers.CoursesControllerTests]/[method:an_admin_user_can_update_a_course()]
CoursesController.java,edu.ucsb.cs156.organic.controllers.CoursesController,org.pitest.mutationtest.engine.gregor.mutators.VoidMethodCallMutator,updateCourse,200,KILLED,edu.ucsb.cs156.organic.controllers.CoursesControllerTests.[engine:junit-jupiter]/[class:edu.ucsb.cs156.organic.controllers.CoursesControllerTests]/[method:an_admin_user_can_update_a_course()]
CoursesController.java,edu.ucsb.cs156.organic.controllers.CoursesController,org.pitest.mutationtest.engine.gregor.mutators.VoidMethodCallMutator,updateCourse,201,KILLED,edu.ucsb.cs156.organic.controllers.CoursesControllerTests.[engine:junit-jupiter]/[class:edu.ucsb.cs156.organic.controllers.CoursesControllerTests]/[method:an_admin_user_can_update_a_course()]
CoursesController.java,edu.ucsb.cs156.organic.controllers.CoursesController,org.pitest.mutationtest.engine.gregor.mutators.VoidMethodCallMutator,updateCourse,202,KILLED,edu.ucsb.cs156.organic.controllers.CoursesControllerTests.[engine:junit-jupiter]/[class:edu.ucsb.cs156.organic.controllers.CoursesControllerTests]/[method:an_admin_user_can_update_a_course()]
CoursesController.java,edu.ucsb.cs156.organic.controllers.CoursesController,org.pitest.mutationtest.engine.gregor.mutators.VoidMethodCallMutator,updateCourse,203,KILLED,edu.ucsb.cs156.organic.controllers.CoursesControllerTests.[engine:junit-jupiter]/[class:edu.ucsb.cs156.organic.controllers.CoursesControllerTests]/[method:an_admin_user_can_update_a_course()]
CoursesController.java,edu.ucsb.cs156.organic.controllers.CoursesController,org.pitest.mutationtest.engine.gregor.mutators.VoidMethodCallMutator,updateCourse,204,KILLED,edu.ucsb.cs156.organic.controllers.CoursesControllerTests.[engine:junit-jupiter]/[class:edu.ucsb.cs156.organic.controllers.CoursesControllerTests]/[method:an_admin_user_can_update_a_course()]
CoursesController.java,edu.ucsb.cs156.organic.controllers.CoursesController,org.pitest.mutationtest.engine.gregor.mutators.VoidMethodCallMutator,updateCourse,205,KILLED,edu.ucsb.cs156.organic.controllers.CoursesControllerTests.[engine:junit-jupiter]/[class:edu.ucsb.cs156.organic.controllers.CoursesControllerTests]/[method:an_admin_user_can_update_a_course()]
CoursesController.java,edu.ucsb.cs156.organic.controllers.CoursesController,org.pitest.mutationtest.engine.gregor.mutators.returns.NullReturnValsMutator,updateCourse,210,KILLED,edu.ucsb.cs156.organic.controllers.CoursesControllerTests.[engine:junit-jupiter]/[class:edu.ucsb.cs156.organic.controllers.CoursesControllerTests]/[method:an_admin_user_can_update_a_course()]
StudentsController.java,edu.ucsb.cs156.organic.controllers.StudentsController,org.pitest.mutationtest.engine.gregor.mutators.returns.NullReturnValsMutator,fromEgradesCSVRow,108,KILLED,edu.ucsb.cs156.organic.controllers.StudentsControllerTests.[engine:junit-jupiter]/[class:edu.ucsb.cs156.organic.controllers.StudentsControllerTests]/[method:admin_can_upload_students_for_an_existing_course()]
StudentsController.java,edu.ucsb.cs156.organic.controllers.StudentsController,org.pitest.mutationtest.engine.gregor.mutators.returns.NullReturnValsMutator,getStaff,72,KILLED,edu.ucsb.cs156.organic.controllers.StudentsControllerTests.[engine:junit-jupiter]/[class:edu.ucsb.cs156.organic.controllers.StudentsControllerTests]/[method:admin_can_get_all_students_for_a_course()]
StudentsController.java,edu.ucsb.cs156.organic.controllers.StudentsController,org.pitest.mutationtest.engine.gregor.mutators.MathMutator,getStaff,97,KILLED,edu.ucsb.cs156.organic.controllers.StudentsControllerTests.[engine:junit-jupiter]/[class:edu.ucsb.cs156.organic.controllers.StudentsControllerTests]/[method:admin_can_upload_students_for_an_existing_course()]
StudentsController.java,edu.ucsb.cs156.organic.controllers.StudentsController,org.pitest.mutationtest.engine.gregor.mutators.VoidMethodCallMutator,getStaff,91,KILLED,edu.ucsb.cs156.organic.controllers.StudentsControllerTests.[engine:junit-jupiter]/[class:edu.ucsb.cs156.organic.controllers.StudentsControllerTests]/[method:admin_can_upload_students_for_an_existing_course()]
StudentsController.java,edu.ucsb.cs156.organic.controllers.StudentsController,org.pitest.mutationtest.engine.gregor.mutators.VoidMethodCallMutator,getStaff,95,KILLED,edu.ucsb.cs156.organic.controllers.StudentsControllerTests.[engine:junit-jupiter]/[class:edu.ucsb.cs156.organic.controllers.StudentsControllerTests]/[method:admin_can_upload_students_for_an_existing_course()]
StudentsController.java,edu.ucsb.cs156.organic.controllers.StudentsController,org.pitest.mutationtest.engine.gregor.mutators.returns.EmptyObjectReturnValsMutator,getStaff,100,KILLED,edu.ucsb.cs156.organic.controllers.StudentsControllerTests.[engine:junit-jupiter]/[class:edu.ucsb.cs156.organic.controllers.StudentsControllerTests]/[method:admin_can_upload_students_for_an_existing_course()]
StudentsController.java,edu.ucsb.cs156.organic.controllers.StudentsController,org.pitest.mutationtest.engine.gregor.mutators.returns.NullReturnValsMutator,lambda$getStaff$0,69,KILLED,edu.ucsb.cs156.organic.controllers.StudentsControllerTests.[engine:junit-jupiter]/[class:edu.ucsb.cs156.organic.controllers.StudentsControllerTests]/[method:admin_cannot_get_all_students_for_a_non_existing_course()]
StudentsController.java,edu.ucsb.cs156.organic.controllers.StudentsController,org.pitest.mutationtest.engine.gregor.mutators.returns.NullReturnValsMutator,lambda$getStaff$1,84,KILLED,edu.ucsb.cs156.organic.controllers.StudentsControllerTests.[engine:junit-jupiter]/[class:edu.ucsb.cs156.organic.controllers.StudentsControllerTests]/[method:admin_cannot_upload_students_for_a_non_existing_course()]
StudentsController.java,edu.ucsb.cs156.organic.controllers.StudentsController,org.pitest.mutationtest.engine.gregor.mutators.NegateConditionalsMutator,upsertStudent,119,KILLED,edu.ucsb.cs156.organic.controllers.StudentsControllerTests.[engine:junit-jupiter]/[class:edu.ucsb.cs156.organic.controllers.StudentsControllerTests]/[method:admin_can_upload_students_for_an_existing_course()]
StudentsController.java,edu.ucsb.cs156.organic.controllers.StudentsController,org.pitest.mutationtest.engine.gregor.mutators.VoidMethodCallMutator,upsertStudent,121,KILLED,edu.ucsb.cs156.organic.controllers.StudentsControllerTests.[engine:junit-jupiter]/[class:edu.ucsb.cs156.organic.controllers.StudentsControllerTests]/[method:admin_can_upload_students_for_an_existing_course()]
StudentsController.java,edu.ucsb.cs156.organic.controllers.StudentsController,org.pitest.mutationtest.engine.gregor.mutators.VoidMethodCallMutator,upsertStudent,122,KILLED,edu.ucsb.cs156.organic.controllers.StudentsControllerTests.[engine:junit-jupiter]/[class:edu.ucsb.cs156.organic.controllers.StudentsControllerTests]/[method:admin_can_upload_students_for_an_existing_course()]
StudentsController.java,edu.ucsb.cs156.organic.controllers.StudentsController,org.pitest.mutationtest.engine.gregor.mutators.VoidMethodCallMutator,upsertStudent,123,KILLED,edu.ucsb.cs156.organic.controllers.StudentsControllerTests.[engine:junit-jupiter]/[class:edu.ucsb.cs156.organic.controllers.StudentsControllerTests]/[method:admin_can_upload_students_for_an_existing_course()]
StudentsController.java,edu.ucsb.cs156.organic.controllers.StudentsController,org.pitest.mutationtest.engine.gregor.mutators.returns.NullReturnValsMutator,upsertStudent,125,KILLED,edu.ucsb.cs156.organic.controllers.StudentsControllerTests.[engine:junit-jupiter]/[class:edu.ucsb.cs156.organic.controllers.StudentsControllerTests]/[method:admin_can_upload_students_for_an_existing_course()]
StudentsController.java,edu.ucsb.cs156.organic.controllers.StudentsController,org.pitest.mutationtest.engine.gregor.mutators.returns.NullReturnValsMutator,upsertStudent,128,KILLED,edu.ucsb.cs156.organic.controllers.StudentsControllerTests.[engine:junit-jupiter]/[class:edu.ucsb.cs156.organic.controllers.StudentsControllerTests]/[method:admin_can_upload_students_for_an_existing_course()]
RoleUserInterceptor.java,edu.ucsb.cs156.organic.interceptors.RoleUserInterceptor,org.pitest.mutationtest.engine.gregor.mutators.NegateConditionalsMutator,lambda$preHandle$0,56,KILLED,edu.ucsb.cs156.organic.interceptors.RoleUserInterceptorTests.[engine:junit-jupiter]/[class:edu.ucsb.cs156.organic.interceptors.RoleUserInterceptorTests]/[method:interceptor_removes_admin_role_when_admin_field_in_db_is_false()]
RoleUserInterceptor.java,edu.ucsb.cs156.organic.interceptors.RoleUserInterceptor,org.pitest.mutationtest.engine.gregor.mutators.NegateConditionalsMutator,lambda$preHandle$0,57,KILLED,edu.ucsb.cs156.organic.interceptors.RoleUserInterceptorTests.[engine:junit-jupiter]/[class:edu.ucsb.cs156.organic.interceptors.RoleUserInterceptorTests]/[method:interceptor_removes_admin_role_when_admin_field_in_db_is_false()]
RoleUserInterceptor.java,edu.ucsb.cs156.organic.interceptors.RoleUserInterceptor,org.pitest.mutationtest.engine.gregor.mutators.returns.BooleanTrueReturnValsMutator,lambda$preHandle$0,56,KILLED,edu.ucsb.cs156.organic.interceptors.RoleUserInterceptorTests.[engine:junit-jupiter]/[class:edu.ucsb.cs156.organic.interceptors.RoleUserInterceptorTests]/[method:interceptor_removes_admin_role_when_admin_field_in_db_is_false()]
RoleUserInterceptor.java,edu.ucsb.cs156.organic.interceptors.RoleUserInterceptor,org.pitest.mutationtest.engine.gregor.mutators.NegateConditionalsMutator,preHandle,46,KILLED,edu.ucsb.cs156.organic.controllers.SystemInfoControllerTests.[engine:junit-jupiter]/[class:edu.ucsb.cs156.organic.controllers.SystemInfoControllerTests]/[method:systemInfo__admin_logged_in()]
RoleUserInterceptor.java,edu.ucsb.cs156.organic.interceptors.RoleUserInterceptor,org.pitest.mutationtest.engine.gregor.mutators.NegateConditionalsMutator,preHandle,50,KILLED,edu.ucsb.cs156.organic.interceptors.RoleUserInterceptorTests.[engine:junit-jupiter]/[class:edu.ucsb.cs156.organic.interceptors.RoleUserInterceptorTests]/[method:user_not_present_in_db_and_no_role_update_by_interceptor()]
RoleUserInterceptor.java,edu.ucsb.cs156.organic.interceptors.RoleUserInterceptor,org.pitest.mutationtest.engine.gregor.mutators.NegateConditionalsMutator,preHandle,62,KILLED,edu.ucsb.cs156.organic.interceptors.RoleUserInterceptorTests.[engine:junit-jupiter]/[class:edu.ucsb.cs156.organic.interceptors.RoleUserInterceptorTests]/[method:interceptor_removes_admin_role_when_admin_field_in_db_is_false()]
RoleUserInterceptor.java,edu.ucsb.cs156.organic.interceptors.RoleUserInterceptor,org.pitest.mutationtest.engine.gregor.mutators.NegateConditionalsMutator,preHandle,66,KILLED,edu.ucsb.cs156.organic.interceptors.RoleUserInterceptorTests.[engine:junit-jupiter]/[class:edu.ucsb.cs156.organic.interceptors.RoleUserInterceptorTests]/[method:interceptor_removes_admin_role_when_admin_field_in_db_is_false()]
RoleUserInterceptor.java,edu.ucsb.cs156.organic.interceptors.RoleUserInterceptor,org.pitest.mutationtest.engine.gregor.mutators.VoidMethodCallMutator,preHandle,58,KILLED,edu.ucsb.cs156.organic.interceptors.RoleUserInterceptorTests.[engine:junit-jupiter]/[class:edu.ucsb.cs156.organic.interceptors.RoleUserInterceptorTests]/[method:interceptor_removes_admin_role_when_admin_field_in_db_is_false()]
RoleUserInterceptor.java,edu.ucsb.cs156.organic.interceptors.RoleUserInterceptor,org.pitest.mutationtest.engine.gregor.mutators.VoidMethodCallMutator,preHandle,71,KILLED,edu.ucsb.cs156.organic.interceptors.RoleUserInterceptorTests.[engine:junit-jupiter]/[class:edu.ucsb.cs156.organic.interceptors.RoleUserInterceptorTests]/[method:interceptor_removes_admin_role_when_admin_field_in_db_is_false()]
RoleUserInterceptor.java,edu.ucsb.cs156.organic.interceptors.RoleUserInterceptor,org.pitest.mutationtest.engine.gregor.mutators.returns.BooleanFalseReturnValsMutator,preHandle,75,KILLED,edu.ucsb.cs156.organic.controllers.SystemInfoControllerTests.[engine:junit-jupiter]/[class:edu.ucsb.cs156.organic.controllers.SystemInfoControllerTests]/[method:systemInfo__admin_logged_in()]
UsersController.java,edu.ucsb.cs156.organic.controllers.UsersController,org.pitest.mutationtest.engine.gregor.mutators.returns.NullReturnValsMutator,lambda$postUsersToggleInstructor$0,51,KILLED,edu.ucsb.cs156.organic.controllers.UsersControllerTests.[engine:junit-jupiter]/[class:edu.ucsb.cs156.organic.controllers.UsersControllerTests]/[method:users__admin_toggles_nonexistent_user()]
UsersController.java,edu.ucsb.cs156.organic.controllers.UsersController,org.pitest.mutationtest.engine.gregor.mutators.returns.NullReturnValsMutator,lambda$toggleAdmin$1,64,KILLED,edu.ucsb.cs156.organic.controllers.UsersControllerTests.[engine:junit-jupiter]/[class:edu.ucsb.cs156.organic.controllers.UsersControllerTests]/[method:admin_tries_to_toggleAdmin_non_existant_user_and_gets_right_error_message()]
UsersController.java,edu.ucsb.cs156.organic.controllers.UsersController,org.pitest.mutationtest.engine.gregor.mutators.NegateConditionalsMutator,postUsersToggleInstructor,53,KILLED,edu.ucsb.cs156.organic.controllers.UsersControllerTests.[engine:junit-jupiter]/[class:edu.ucsb.cs156.organic.controllers.UsersControllerTests]/[method:users__instructor_toggle_false_to_true()]
UsersController.java,edu.ucsb.cs156.organic.controllers.UsersController,org.pitest.mutationtest.engine.gregor.mutators.VoidMethodCallMutator,postUsersToggleInstructor,53,KILLED,edu.ucsb.cs156.organic.controllers.UsersControllerTests.[engine:junit-jupiter]/[class:edu.ucsb.cs156.organic.controllers.UsersControllerTests]/[method:users__instructor_toggle_false_to_true()]
UsersController.java,edu.ucsb.cs156.organic.controllers.UsersController,org.pitest.mutationtest.engine.gregor.mutators.returns.NullReturnValsMutator,postUsersToggleInstructor,56,KILLED,edu.ucsb.cs156.organic.controllers.UsersControllerTests.[engine:junit-jupiter]/[class:edu.ucsb.cs156.organic.controllers.UsersControllerTests]/[method:users__instructor_toggle_false_to_true()]
UsersController.java,edu.ucsb.cs156.organic.controllers.UsersController,org.pitest.mutationtest.engine.gregor.mutators.NegateConditionalsMutator,toggleAdmin,66,KILLED,edu.ucsb.cs156.organic.controllers.UsersControllerTests.[engine:junit-jupiter]/[class:edu.ucsb.cs156.organic.controllers.UsersControllerTests]/[method:admin_can_toggle_admin_status_of_a_user_from_true_to_false()]
UsersController.java,edu.ucsb.cs156.organic.controllers.UsersController,org.pitest.mutationtest.engine.gregor.mutators.VoidMethodCallMutator,toggleAdmin,66,KILLED,edu.ucsb.cs156.organic.controllers.UsersControllerTests.[engine:junit-jupiter]/[class:edu.ucsb.cs156.organic.controllers.UsersControllerTests]/[method:admin_can_toggle_admin_status_of_a_user_from_true_to_false()]
UsersController.java,edu.ucsb.cs156.organic.controllers.UsersController,org.pitest.mutationtest.engine.gregor.mutators.returns.NullReturnValsMutator,toggleAdmin,68,KILLED,edu.ucsb.cs156.organic.controllers.UsersControllerTests.[engine:junit-jupiter]/[class:edu.ucsb.cs156.organic.controllers.UsersControllerTests]/[method:admin_can_toggle_admin_status_of_a_user_from_true_to_false()]
UsersController.java,edu.ucsb.cs156.organic.controllers.UsersController,org.pitest.mutationtest.engine.gregor.mutators.returns.NullReturnValsMutator,users,40,KILLED,edu.ucsb.cs156.organic.controllers.UsersControllerTests.[engine:junit-jupiter]/[class:edu.ucsb.cs156.organic.controllers.UsersControllerTests]/[method:users__admin_logged_in()]
ApiController.java,edu.ucsb.cs156.organic.controllers.ApiController,org.pitest.mutationtest.engine.gregor.mutators.returns.NullReturnValsMutator,genericMessage,84,KILLED,edu.ucsb.cs156.organic.controllers.UsersControllerTests.[engine:junit-jupiter]/[class:edu.ucsb.cs156.organic.controllers.UsersControllerTests]/[method:users__instructor_toggle_false_to_true()]
ApiController.java,edu.ucsb.cs156.organic.controllers.ApiController,org.pitest.mutationtest.engine.gregor.mutators.returns.NullReturnValsMutator,getCurrentUser,27,KILLED,edu.ucsb.cs156.organic.controllers.UserInfoControllerTests.[engine:junit-jupiter]/[class:edu.ucsb.cs156.organic.controllers.UserInfoControllerTests]/[method:currentUser__update_last_online()]
ApiController.java,edu.ucsb.cs156.organic.controllers.ApiController,org.pitest.mutationtest.engine.gregor.mutators.returns.NullReturnValsMutator,getMapper,64,KILLED,edu.ucsb.cs156.organic.controllers.UserInfoControllerTests.[engine:junit-jupiter]/[class:edu.ucsb.cs156.organic.controllers.UserInfoControllerTests]/[method:currentUser__logged_in()]
ApiController.java,edu.ucsb.cs156.organic.controllers.ApiController,org.pitest.mutationtest.engine.gregor.mutators.returns.NullReturnValsMutator,handleAccessDeniedException,51,KILLED,edu.ucsb.cs156.organic.controllers.CoursesControllerTests.[engine:junit-jupiter]/[class:edu.ucsb.cs156.organic.controllers.CoursesControllerTests]/[method:a_user_cannot_update_a_course()]
ApiController.java,edu.ucsb.cs156.organic.controllers.ApiController,org.pitest.mutationtest.engine.gregor.mutators.returns.NullReturnValsMutator,handleGenericException,43,KILLED,edu.ucsb.cs156.organic.controllers.UsersControllerTests.[engine:junit-jupiter]/[class:edu.ucsb.cs156.organic.controllers.UsersControllerTests]/[method:admin_tries_to_toggleAdmin_non_existant_user_and_gets_right_error_message()]
ApiController.java,edu.ucsb.cs156.organic.controllers.ApiController,org.pitest.mutationtest.engine.gregor.mutators.returns.NullReturnValsMutator,handleIllegalArgumentException,37,KILLED,edu.ucsb.cs156.organic.controllers.JobsControllerTests.[engine:junit-jupiter]/[class:edu.ucsb.cs156.organic.controllers.JobsControllerTests]/[method:admin_launch_test_job_with_invalid_parameter_minus_1()]
ApiController.java,edu.ucsb.cs156.organic.controllers.ApiController,org.pitest.mutationtest.engine.gregor.mutators.returns.NullReturnValsMutator,mapperThatIgnoresMockitoMocks,80,KILLED,edu.ucsb.cs156.organic.controllers.UserInfoControllerTests.[engine:junit-jupiter]/[class:edu.ucsb.cs156.organic.controllers.UserInfoControllerTests]/[method:currentUser__logged_in()]
JobsController.java,edu.ucsb.cs156.organic.controllers.JobsController,org.pitest.mutationtest.engine.gregor.mutators.returns.NullReturnValsMutator,allJobs,47,KILLED,edu.ucsb.cs156.organic.controllers.JobsControllerTests.[engine:junit-jupiter]/[class:edu.ucsb.cs156.organic.controllers.JobsControllerTests]/[method:admin_can_get_all_jobs()]
JobsController.java,edu.ucsb.cs156.organic.controllers.JobsController,org.pitest.mutationtest.engine.gregor.mutators.returns.NullReturnValsMutator,allJobsPaged,58,KILLED,edu.ucsb.cs156.organic.controllers.JobsControllerTests.[engine:junit-jupiter]/[class:edu.ucsb.cs156.organic.controllers.JobsControllerTests]/[method:admin_can_get_all_jobs_paged()]
JobsController.java,edu.ucsb.cs156.organic.controllers.JobsController,org.pitest.mutationtest.engine.gregor.mutators.ConditionalsBoundaryMutator,launchTestJob,74,KILLED,edu.ucsb.cs156.organic.controllers.JobsControllerTests.[engine:junit-jupiter]/[class:edu.ucsb.cs156.organic.controllers.JobsControllerTests]/[method:admin_launch_test_job_with_boundary_parameter_0()]
JobsController.java,edu.ucsb.cs156.organic.controllers.JobsController,org.pitest.mutationtest.engine.gregor.mutators.ConditionalsBoundaryMutator,launchTestJob,74,KILLED,edu.ucsb.cs156.organic.controllers.JobsControllerTests.[engine:junit-jupiter]/[class:edu.ucsb.cs156.organic.controllers.JobsControllerTests]/[method:admin_launch_test_job_with_boundary_parameter_60000()]
JobsController.java,edu.ucsb.cs156.organic.controllers.JobsController,org.pitest.mutationtest.engine.gregor.mutators.NegateConditionalsMutator,launchTestJob,74,KILLED,edu.ucsb.cs156.organic.controllers.JobsControllerTests.[engine:junit-jupiter]/[class:edu.ucsb.cs156.organic.controllers.JobsControllerTests]/[method:admin_launch_test_job_with_invalid_parameter_minus_1()]
JobsController.java,edu.ucsb.cs156.organic.controllers.JobsController,org.pitest.mutationtest.engine.gregor.mutators.NegateConditionalsMutator,launchTestJob,74,KILLED,edu.ucsb.cs156.organic.controllers.JobsControllerTests.[engine:junit-jupiter]/[class:edu.ucsb.cs156.organic.controllers.JobsControllerTests]/[method:admin_launch_test_job_with_invalid_parameter_60001()]
JobsController.java,edu.ucsb.cs156.organic.controllers.JobsController,org.pitest.mutationtest.engine.gregor.mutators.returns.NullReturnValsMutator,launchTestJob,78,KILLED,edu.ucsb.cs156.organic.controllers.JobsControllerTests.[engine:junit-jupiter]/[class:edu.ucsb.cs156.organic.controllers.JobsControllerTests]/[method:admin_can_launch_test_job()]
UserInfoController.java,edu.ucsb.cs156.organic.controllers.UserInfoController,org.pitest.mutationtest.engine.gregor.mutators.returns.NullReturnValsMutator,getCurrentUserAsJson,43,KILLED,edu.ucsb.cs156.organic.controllers.UserInfoControllerTests.[engine:junit-jupiter]/[class:edu.ucsb.cs156.organic.controllers.UserInfoControllerTests]/[method:currentUser__logged_in()]
UserInfoController.java,edu.ucsb.cs156.organic.controllers.UserInfoController,org.pitest.mutationtest.engine.gregor.mutators.returns.NullReturnValsMutator,getStaffedCourses,70,KILLED,edu.ucsb.cs156.organic.controllers.UserInfoControllerTests.[engine:junit-jupiter]/[class:edu.ucsb.cs156.organic.controllers.UserInfoControllerTests]/[method:currentUser__get_staffed_courses()]
UserInfoController.java,edu.ucsb.cs156.organic.controllers.UserInfoController,org.pitest.mutationtest.engine.gregor.mutators.returns.NullReturnValsMutator,getUsersEmails,62,KILLED,edu.ucsb.cs156.organic.controllers.UserInfoControllerTests.[engine:junit-jupiter]/[class:edu.ucsb.cs156.organic.controllers.UserInfoControllerTests]/[method:currentUser__get_emails()]
UserInfoController.java,edu.ucsb.cs156.organic.controllers.UserInfoController,org.pitest.mutationtest.engine.gregor.mutators.VoidMethodCallMutator,updateLastOnline,52,KILLED,edu.ucsb.cs156.organic.controllers.UserInfoControllerTests.[engine:junit-jupiter]/[class:edu.ucsb.cs156.organic.controllers.UserInfoControllerTests]/[method:currentUser__update_last_online()]
UserInfoController.java,edu.ucsb.cs156.organic.controllers.UserInfoController,org.pitest.mutationtest.engine.gregor.mutators.returns.NullReturnValsMutator,updateLastOnline,54,KILLED,edu.ucsb.cs156.organic.controllers.UserInfoControllerTests.[engine:junit-jupiter]/[class:edu.ucsb.cs156.organic.controllers.UserInfoControllerTests]/[method:currentUser__update_last_online()]
JobService.java,edu.ucsb.cs156.organic.services.jobs.JobService,org.pitest.mutationtest.engine.gregor.mutators.VoidMethodCallMutator,runAsJob,30,KILLED,edu.ucsb.cs156.organic.controllers.JobsControllerTests.[engine:junit-jupiter]/[class:edu.ucsb.cs156.organic.controllers.JobsControllerTests]/[method:admin_can_launch_test_job()]
JobService.java,edu.ucsb.cs156.organic.services.jobs.JobService,org.pitest.mutationtest.engine.gregor.mutators.returns.NullReturnValsMutator,runAsJob,31,KILLED,edu.ucsb.cs156.organic.controllers.JobsControllerTests.[engine:junit-jupiter]/[class:edu.ucsb.cs156.organic.controllers.JobsControllerTests]/[method:admin_can_launch_test_job()]
JobService.java,edu.ucsb.cs156.organic.services.jobs.JobService,org.pitest.mutationtest.engine.gregor.mutators.VoidMethodCallMutator,runJobAsync,39,KILLED,edu.ucsb.cs156.organic.controllers.JobsControllerTests.[engine:junit-jupiter]/[class:edu.ucsb.cs156.organic.controllers.JobsControllerTests]/[method:admin_can_launch_test_job()]
JobService.java,edu.ucsb.cs156.organic.services.jobs.JobService,org.pitest.mutationtest.engine.gregor.mutators.VoidMethodCallMutator,runJobAsync,42,KILLED,edu.ucsb.cs156.organic.controllers.JobsControllerTests.[engine:junit-jupiter]/[class:edu.ucsb.cs156.organic.controllers.JobsControllerTests]/[method:admin_can_launch_test_job_that_fails()]
JobService.java,edu.ucsb.cs156.organic.services.jobs.JobService,org.pitest.mutationtest.engine.gregor.mutators.VoidMethodCallMutator,runJobAsync,47,KILLED,edu.ucsb.cs156.organic.controllers.JobsControllerTests.[engine:junit-jupiter]/[class:edu.ucsb.cs156.organic.controllers.JobsControllerTests]/[method:admin_can_launch_test_job()]
TestJob.java,edu.ucsb.cs156.organic.jobs.TestJob,org.pitest.mutationtest.engine.gregor.mutators.NegateConditionalsMutator,accept,24,KILLED,edu.ucsb.cs156.organic.controllers.JobsControllerTests.[engine:junit-jupiter]/[class:edu.ucsb.cs156.organic.controllers.JobsControllerTests]/[method:admin_can_launch_test_job()]
TestJob.java,edu.ucsb.cs156.organic.jobs.TestJob,org.pitest.mutationtest.engine.gregor.mutators.VoidMethodCallMutator,accept,22,KILLED,edu.ucsb.cs156.organic.controllers.JobsControllerTests.[engine:junit-jupiter]/[class:edu.ucsb.cs156.organic.controllers.JobsControllerTests]/[method:admin_can_launch_test_job()]
TestJob.java,edu.ucsb.cs156.organic.jobs.TestJob,org.pitest.mutationtest.engine.gregor.mutators.VoidMethodCallMutator,accept,23,KILLED,edu.ucsb.cs156.organic.controllers.JobsControllerTests.[engine:junit-jupiter]/[class:edu.ucsb.cs156.organic.controllers.JobsControllerTests]/[method:admin_can_launch_test_job()]
TestJob.java,edu.ucsb.cs156.organic.jobs.TestJob,org.pitest.mutationtest.engine.gregor.mutators.VoidMethodCallMutator,accept,27,KILLED,edu.ucsb.cs156.organic.controllers.JobsControllerTests.[engine:junit-jupiter]/[class:edu.ucsb.cs156.organic.controllers.JobsControllerTests]/[method:admin_can_launch_test_job()]
ApiController.java,edu.ucsb.cs156.organic.controllers.ApiController$1,org.pitest.mutationtest.engine.gregor.mutators.NegateConditionalsMutator,hasIgnoreMarker,77,KILLED,edu.ucsb.cs156.organic.controllers.UserInfoControllerTests.[engine:junit-jupiter]/[class:edu.ucsb.cs156.organic.controllers.UserInfoControllerTests]/[method:currentUser__logged_in()]
ApiController.java,edu.ucsb.cs156.organic.controllers.ApiController$1,org.pitest.mutationtest.engine.gregor.mutators.NegateConditionalsMutator,hasIgnoreMarker,77,KILLED,edu.ucsb.cs156.organic.controllers.UserInfoControllerTests.[engine:junit-jupiter]/[class:edu.ucsb.cs156.organic.controllers.UserInfoControllerTests]/[method:currentUser__logged_in()]
ApiController.java,edu.ucsb.cs156.organic.controllers.ApiController$1,org.pitest.mutationtest.engine.gregor.mutators.returns.BooleanTrueReturnValsMutator,hasIgnoreMarker,77,KILLED,edu.ucsb.cs156.organic.controllers.UserInfoControllerTests.[engine:junit-jupiter]/[class:edu.ucsb.cs156.organic.controllers.UserInfoControllerTests]/[method:currentUser__logged_in()]
JobContext.java,edu.ucsb.cs156.organic.services.jobs.JobContext,org.pitest.mutationtest.engine.gregor.mutators.NegateConditionalsMutator,log,16,KILLED,edu.ucsb.cs156.organic.controllers.JobsControllerTests.[engine:junit-jupiter]/[class:edu.ucsb.cs156.organic.controllers.JobsControllerTests]/[method:admin_can_launch_test_job()]
JobContext.java,edu.ucsb.cs156.organic.services.jobs.JobContext,org.pitest.mutationtest.engine.gregor.mutators.VoidMethodCallMutator,log,17,KILLED,edu.ucsb.cs156.organic.controllers.JobsControllerTests.[engine:junit-jupiter]/[class:edu.ucsb.cs156.organic.controllers.JobsControllerTests]/[method:admin_can_launch_test_job()]
SystemInfoServiceImpl.java,edu.ucsb.cs156.organic.services.SystemInfoServiceImpl,org.pitest.mutationtest.engine.gregor.mutators.returns.NullReturnValsMutator,getSystemInfo,35,KILLED,edu.ucsb.cs156.organic.services.SystemInfoServiceImplTests.[engine:junit-jupiter]/[class:edu.ucsb.cs156.organic.services.SystemInfoServiceImplTests]/[method:test_getSystemInfo()]
SystemInfoController.java,edu.ucsb.cs156.organic.controllers.SystemInfoController,org.pitest.mutationtest.engine.gregor.mutators.returns.NullReturnValsMutator,getSystemInfo,24,KILLED,edu.ucsb.cs156.organic.controllers.SystemInfoControllerTests.[engine:junit-jupiter]/[class:edu.ucsb.cs156.organic.controllers.SystemInfoControllerTests]/[method:systemInfo__admin_logged_in()]
CSRFController.java,edu.ucsb.cs156.organic.controllers.CSRFController,org.pitest.mutationtest.engine.gregor.mutators.returns.NullReturnValsMutator,csrf,18,KILLED,edu.ucsb.cs156.organic.controllers.CSRFControllerTests.[engine:junit-jupiter]/[class:edu.ucsb.cs156.organic.controllers.CSRFControllerTests]/[method:csrf_returns_ok()]
UserEmail.java,edu.ucsb.cs156.organic.entities.UserEmail,org.pitest.mutationtest.engine.gregor.mutators.returns.EmptyObjectReturnValsMutator,getGithubId,25,KILLED,edu.ucsb.cs156.organic.entities.UserEmailTests.[engine:junit-jupiter]/[class:edu.ucsb.cs156.organic.entities.UserEmailTests]/[method:test_getGithubId()]
User.java,edu.ucsb.cs156.organic.entities.User,org.pitest.mutationtest.engine.gregor.mutators.returns.EmptyObjectReturnValsMutator,toString,39,KILLED,edu.ucsb.cs156.organic.entities.UserTests.[engine:junit-jupiter]/[class:edu.ucsb.cs156.organic.entities.UserTests]/[method:test_toString()]
